vehicle_id,route,direction_id,recorded_at,server_timestamp,lat,lng,bearing,speed,headsign,stop_name,is_accessible
NKH,M36,1,2026-05-12T19:21:23+0000,1778613668000,45.7123413085938,21.1161499023437,63.1355285644531,26.0,"Timișoara (Mocioni)","Baltă (Utvin)",1
NKH,M36,1,2026-05-12T19:23:07+0000,1778613779000,45.7160682678223,21.1315307617187,79.9597015380859,47.0,"Timișoara (Mocioni)","Ieșire (Utvin)",1
NKH,M36,1,2026-05-12T19:23:26+0000,1778613793000,45.7161712646484,21.133810043335,86.4861145019531,45.0,"Timișoara (Mocioni)","Ieșire (Utvin)",1
NKH,M36,1,2026-05-12T19:23:43+0000,1778613801000,45.7162094116211,21.1350708007812,86.4861145019531,43.0,"Timișoara (Mocioni)","Ieșire (Utvin)",1
NKH,M36,1,2026-05-12T19:23:59+0000,1778613823000,45.7165412902832,21.1379508972168,74.0327301025391,45.0,"Timișoara (Mocioni)","Comtim (Smithfield)",1
NKH,M36,1,2026-05-12T19:24:11+0000,1778613841000,45.7171897888184,21.1410598754883,74.0327301025391,51.0,"Timișoara (Mocioni)","Comtim (Smithfield)",1
NKH,M36,1,2026-05-12T19:24:27+0000,1778613854000,45.7175598144531,21.1430892944336,71.6612014770508,39.0,"Timișoara (Mocioni)","Comtim (Smithfield)",1
NKH,M36,1,2026-05-12T19:24:44+0000,1778613868000,45.7180213928223,21.1448802947998,71.6612014770508,37.0,"Timișoara (Mocioni)","Comtim (Smithfield)",1
NKH,M36,1,2026-05-12T19:25:00+0000,1778613884000,45.718448638916,21.1470394134521,74.0225372314453,42.0,"Timișoara (Mocioni)","Comtim (Smithfield)",1
NKH,M36,1,2026-05-12T19:25:12+0000,1778613894000,45.7187805175781,21.1484298706055,74.0225372314453,37.0,"Timișoara (Mocioni)","Comtim (Smithfield)",1
NKH,M36,1,2026-05-12T19:25:29+0000,1778613918000,45.7193984985352,21.1515808105469,72.6700744628906,44.0,"Timișoara (Mocioni)","Fabrica de Zahăr",1
NKH,M36,1,2026-05-12T19:25:45+0000,1778613934000,45.7199783325195,21.1539497375488,72.6700744628906,44.0,"Timișoara (Mocioni)","Fabrica de Zahăr",1
NKH,M36,1,2026-05-12T19:25:57+0000,1778613950000,45.7205085754395,21.1559791564941,69.05322265625,31.0,"Timișoara (Mocioni)","Fabrica de Zahăr",1
NKH,M36,1,2026-05-12T19:26:14+0000,1778613958000,45.7207298278809,21.1567001342773,69.05322265625,23.0,"Timișoara (Mocioni)","Fabrica de Zahăr",1
NKH,M36,1,2026-05-12T19:26:31+0000,1778613978000,45.7208290100098,21.1571292877197,69.05322265625,0.0,"Timișoara (Mocioni)","Fabrica de Zahăr",1
NKH,M36,1,2026-05-12T19:26:47+0000,1778613995000,45.7209701538086,21.1577701568604,69.8039398193359,32.0,"Timișoara (Mocioni)","Fabrica de Zahăr",1
NKH,M36,1,2026-05-12T19:26:59+0000,1778614009000,45.7214889526367,21.1595497131348,69.8039398193359,40.0,"Timișoara (Mocioni)","Polonă (Pasaj Freidorf)",1
NKH,M36,1,2026-05-12T19:27:10+0000,1778614023000,45.7218399047852,21.1615505218506,75.6651077270508,42.0,"Timișoara (Mocioni)","Polonă (Pasaj Freidorf)",1
NKH,M36,1,2026-05-12T19:27:32+0000,1778614033000,45.7221183776855,21.1629009246826,75.6651077270508,33.0,"Timișoara (Mocioni)","Polonă (Pasaj Freidorf)",1
NKH,M36,1,2026-05-12T19:27:43+0000,1778614054000,45.7212600708008,21.16455078125,135.968414306641,32.0,"Timișoara (Mocioni)","Răscoala din 1907",1
NKH,M36,1,2026-05-12T19:28:05+0000,1778614068000,45.7205505371094,21.166109085083,121.7880859375,42.0,"Timișoara (Mocioni)","Răscoala din 1907",1
NKH,M36,1,2026-05-12T19:28:16+0000,1778614084000,45.7197608947754,21.1682796478271,116.637489318848,38.0,"Timișoara (Mocioni)","Răscoala din 1907",1
NKH,M36,1,2026-05-12T19:28:28+0000,1778614098000,45.7198486328125,21.1696090698242,46.358325958252,31.0,"Timișoara (Mocioni)","Răscoala din 1907",1
NKH,M36,1,2026-05-12T19:28:44+0000,1778614108000,45.7204399108887,21.1704807281494,46.358325958252,30.0,"Timișoara (Mocioni)","Răscoala din 1907",1
NKH,M36,1,2026-05-12T19:29:01+0000,1778614128000,45.7216110229492,21.1720790863037,46.6263618469238,39.0,"Timișoara (Mocioni)","Constantin Nottara",1
NKH,M36,1,2026-05-12T19:29:18+0000,1778614144000,45.7226295471191,21.1736507415771,46.6263618469238,35.0,"Timișoara (Mocioni)","Constantin Nottara",1
NKH,M36,1,2026-05-12T19:29:30+0000,1778614158000,45.7234802246094,21.174919128418,46.6263618469238,30.0,"Timișoara (Mocioni)","Constantin Nottara",1
NKH,M36,1,2026-05-12T19:29:47+0000,1778614172000,45.7239685058594,21.1757297515869,46.6263618469238,6.0,"Timișoara (Mocioni)","Constantin Nottara",1
NKH,M36,1,2026-05-12T19:30:04+0000,1778614189000,45.724250793457,21.1761207580566,47.2363815307617,25.0,"Timișoara (Mocioni)","Constantin Nottara",1
NKH,M36,1,2026-05-12T19:30:20+0000,1778614209000,45.7253799438477,21.1778202056885,47.2363815307617,35.0,"Timișoara (Mocioni)",Podgoriei,1
NKH,M36,1,2026-05-12T19:30:36+0000,1778614225000,45.7262496948242,21.1792106628418,47.5486793518066,32.0,"Timișoara (Mocioni)","Liceul Auto (N. Andreescu)",1
NKH,M36,1,2026-05-12T19:30:53+0000,1778614238000,45.7268486022949,21.180139541626,47.5486793518066,24.0,"Timișoara (Mocioni)","Liceul Auto (N. Andreescu)",1
NKH,M36,1,2026-05-12T19:31:04+0000,1778614254000,45.7272682189941,21.1814193725586,64.5503768920898,34.0,"Timișoara (Mocioni)","Liceul Auto (N. Andreescu)",1
NKH,M36,1,2026-05-12T19:31:21+0000,1778614270000,45.7278594970703,21.1830291748047,46.8544235229492,17.0,"Timișoara (Mocioni)","V. Simionescu (N. Andreescu)",1
NKH,M36,1,2026-05-12T19:31:37+0000,1778614278000,45.728271484375,21.1835899353027,46.8544235229492,36.0,"Timișoara (Mocioni)","V. Simionescu (N. Andreescu)",1
NKH,M36,1,2026-05-12T19:31:53+0000,1778614298000,45.7290382385254,21.1847705841064,46.6799049377441,0.0,"Timișoara (Mocioni)","V. Simionescu (N. Andreescu)",1
NKH,M36,1,2026-05-12T19:32:10+0000,1778614314000,45.7291297912598,21.1849498748779,46.6799049377441,19.0,"Timișoara (Mocioni)","V. Simionescu (N. Andreescu)",1
NKH,M36,1,2026-05-12T19:32:26+0000,1778614331000,45.7304306030273,21.1868095397949,46.6799049377441,41.0,"Timișoara (Mocioni)","Păcii (N. Andreescu)",1
NKH,M36,1,2026-05-12T19:32:37+0000,1778614345000,45.731258392334,21.1880798339844,46.6799049377441,39.0,"Timișoara (Mocioni)","Păcii (N. Andreescu)",1
NKH,M36,1,2026-05-12T19:32:59+0000,1778614366000,45.7316589355469,21.1887397766113,46.8486824035645,0.0,"Timișoara (Mocioni)","Păcii (N. Andreescu)",1
NKH,M36,1,2026-05-12T19:33:10+0000,1778614373000,45.7317314147949,21.1888599395752,46.8486824035645,17.0,"Timișoara (Mocioni)","Păcii (N. Andreescu)",1
NKH,M36,1,2026-05-12T19:33:22+0000,1778614393000,45.7331695556641,21.1910495758057,46.8486824035645,41.0,"Timișoara (Mocioni)","Opre Gogu (N. Andreescu)",1
NKH,M36,1,2026-05-12T19:33:38+0000,1778614403000,45.7337188720703,21.1918792724609,47.7571449279785,29.0,"Timișoara (Mocioni)","Opre Gogu (N. Andreescu)",1
NKH,M36,1,2026-05-12T19:34:00+0000,1778614423000,45.7351799011231,21.19407081604,47.7571449279785,53.0,"Timișoara (Mocioni)","Dâmbovița (Banatul)",1
NKH,M36,1,2026-05-12T19:34:11+0000,1778614437000,45.7362098693848,21.1957893371582,47.7571449279785,38.0,"Timișoara (Mocioni)","Dâmbovița (Banatul)",1
NKH,M36,1,2026-05-12T19:34:27+0000,1778614453000,45.7368316650391,21.19700050354,47.7571449279785,34.0,"Timișoara (Mocioni)","Dâmbovița (Banatul)",1
NKH,M36,1,2026-05-12T19:34:44+0000,1778614463000,45.7369995117188,21.1980590820312,72.9944458007813,22.0,"Timișoara (Mocioni)","Dâmbovița (Banatul)",1
NKH,M36,1,2026-05-12T19:35:00+0000,1778614485000,45.7370910644531,21.1986904144287,72.9308013916016,5.0,"Timișoara (Mocioni)","Dâmbovița (Banatul)",1
NKH,M36,1,2026-05-12T19:35:12+0000,1778614499000,45.7374992370606,21.2004299163818,72.9308013916016,47.0,"Timișoara (Mocioni)","Transilvania (Budai Deleanu)",1
NKH,M36,1,2026-05-12T19:35:28+0000,1778614509000,45.7378387451172,21.2018508911133,72.9308013916016,37.0,"Timișoara (Mocioni)","Transilvania (Budai Deleanu)",1
NKH,M36,1,2026-05-12T19:35:45+0000,1778614530000,45.7380485534668,21.2030391693115,73.5781326293945,0.0,"Timișoara (Mocioni)","Transilvania (Budai Deleanu)",1
NKH,M36,1,2026-05-12T19:36:01+0000,1778614537000,45.7381210327148,21.203239440918,73.5781326293945,21.0,"Timișoara (Mocioni)","Transilvania (Budai Deleanu)",1
NKH,M36,1,2026-05-12T19:36:18+0000,1778614559000,45.7387313842773,21.206750869751,78.395378112793,39.0,"Timișoara (Mocioni)","Piața Iuliu Maniu (16 Decembrie 1989)",1
NKH,M36,1,2026-05-12T19:36:29+0000,1778614575000,45.7390289306641,21.2090091705322,78.395378112793,32.0,"Timișoara (Mocioni)","Piața Iuliu Maniu (16 Decembrie 1989)",1
NKH,M36,1,2026-05-12T19:36:46+0000,1778614593000,45.7389297485352,21.2098007202148,123.218696594238,14.0,"Timișoara (Mocioni)","Piața Iuliu Maniu (16 Decembrie 1989)",1
NKH,M36,1,2026-05-12T19:37:02+0000,1778614602000,45.7393417358398,21.2101497650146,22.0964393615723,24.0,"Timișoara (Mocioni)","Piața Iuliu Maniu (16 Decembrie 1989)",1
NKH,M36,1,2026-05-12T19:37:14+0000,1778614625000,45.7400093078613,21.2106399536133,28.4245185852051,21.0,"Timișoara (Mocioni)","Piața Iuliu Maniu (16 Decembrie 1989)",1
NKH,M36,1,2026-05-12T19:37:25+0000,1778614639000,45.7411499023438,21.211540222168,28.4245185852051,43.0,"Timișoara (Mocioni)","C. Brâncoveanu (16 Decembrie 1989)",1
NKH,M36,1,2026-05-12T19:37:42+0000,1778614655000,45.7426910400391,21.2126808166504,28.4245185852051,29.0,"Timișoara (Mocioni)","C. Brâncoveanu (16 Decembrie 1989)",1
NKH,M36,1,2026-05-12T19:37:59+0000,1778614668000,45.7428894042969,21.2128295898437,28.4245185852051,0.0,"Timișoara (Mocioni)","C. Brâncoveanu (16 Decembrie 1989)",1
NKH,M36,1,2026-05-12T19:38:16+0000,1778614684000,45.7428894042969,21.2128295898437,28.4245185852051,0.0,"Timișoara (Mocioni)","C. Brâncoveanu (16 Decembrie 1989)",1
NKH,M36,1,2026-05-12T19:38:27+0000,1778614700000,45.7428894042969,21.2128295898437,28.4245185852051,0.0,"Timișoara (Mocioni)","C. Brâncoveanu (16 Decembrie 1989)",1
NKH,M36,1,2026-05-12T19:38:44+0000,1778614714000,45.7430305480957,21.2129707336426,28.4245185852051,17.0,"Timișoara (Mocioni)","C. Brâncoveanu (16 Decembrie 1989)",1
NKH,M36,1,2026-05-12T19:39:01+0000,1778614728000,45.7438507080078,21.2136707305908,33.7865447998047,32.0,"Timișoara (Mocioni)","C. Brâncoveanu (16 Decembrie 1989)",1
NKH,M36,1,2026-05-12T19:39:13+0000,1778614746000,45.7450904846191,21.2149600982666,33.7865447998047,28.0,"Timișoara (Mocioni)","Piața A. Mocioni (Sinaia - 16 Decembrie 1989)",1
NKH,M36,1,2026-05-12T19:39:30+0000,1778614758000,45.7456588745117,21.2155094146728,33.7865447998047,19.0,"Timișoara (Mocioni)","Piața A. Mocioni (Sinaia - 16 Decembrie 1989)",1
NKH,M36,1,2026-05-12T19:39:47+0000,1778614774000,45.7460403442383,21.2158794403076,34.2696914672852,0.0,"Timișoara (Mocioni)","Piața A. Mocioni (Sinaia - 16 Decembrie 1989)",1
NKH,M36,1,2026-05-12T19:39:58+0000,1778614790000,45.7460403442383,21.2158794403076,34.2696914672852,0.0,"Timișoara (Mocioni)","Piața A. Mocioni (Sinaia - 16 Decembrie 1989)",1
NKH,M36,1,2026-05-12T19:40:15+0000,1778614804000,45.7460403442383,21.2158794403076,34.2696914672852,0.0,"Timișoara (Mocioni)","Piața A. Mocioni (Sinaia - 16 Decembrie 1989)",1
NKH,M36,1,2026-05-12T19:40:32+0000,1778614818000,45.7460403442383,21.2158794403076,34.2696914672852,0.0,"Timișoara (Mocioni)","Piața A. Mocioni (Sinaia - 16 Decembrie 1989)",1
NKH,M36,1,2026-05-12T19:40:48+0000,1778614834000,45.7460403442383,21.2158794403076,34.2696914672852,0.0,"Timișoara (Mocioni)","Piața A. Mocioni (Sinaia - 16 Decembrie 1989)",1
NKH,M36,1,2026-05-12T19:41:05+0000,1778614848000,45.7460403442383,21.2158794403076,34.2696914672852,0.0,"Timișoara (Mocioni)","Piața A. Mocioni (Sinaia - 16 Decembrie 1989)",1
NKH,M36,1,2026-05-12T19:41:21+0000,1778614869000,45.7460403442383,21.2158794403076,34.2696914672852,0.0,"Timișoara (Mocioni)","Piața A. Mocioni (Sinaia - 16 Decembrie 1989)",1
NKH,M36,1,2026-05-12T19:41:32+0000,1778614885000,45.7460403442383,21.2158794403076,34.2696914672852,0.0,"Timișoara (Mocioni)","Piața A. Mocioni (Sinaia - 16 Decembrie 1989)",1
NKH,M36,1,2026-05-12T19:41:49+0000,1778614899000,45.7460403442383,21.2158794403076,34.2696914672852,0.0,"Timișoara (Mocioni)","Piața A. Mocioni (Sinaia - 16 Decembrie 1989)",1
NKH,M36,1,2026-05-12T19:42:05+0000,1778614913000,45.7460403442383,21.2158794403076,34.2696914672852,0.0,"Timișoara (Mocioni)","Piața A. Mocioni (Sinaia - 16 Decembrie 1989)",1
NKH,M36,1,2026-05-12T19:42:17+0000,1778614929000,45.7460403442383,21.2158794403076,34.2696914672852,0.0,"Timișoara (Mocioni)","Piața A. Mocioni (Sinaia - 16 Decembrie 1989)",1
NKH,M36,1,2026-05-12T19:42:33+0000,1778614945000,45.7460403442383,21.2158794403076,34.2696914672852,0.0,"Timișoara (Mocioni)","Piața A. Mocioni (Sinaia - 16 Decembrie 1989)",1
NKH,M36,1,2026-05-12T19:42:55+0000,1778614957000,45.7460403442383,21.2158794403076,34.2696914672852,0.0,"Timișoara (Mocioni)","Piața A. Mocioni (Sinaia - 16 Decembrie 1989)",1
NKH,M36,1,2026-05-12T19:43:11+0000,1778614979000,45.7460403442383,21.2158794403076,34.2696914672852,0.0,"Timișoara (Mocioni)","Piața A. Mocioni (Sinaia - 16 Decembrie 1989)",1
NKH,M36,1,2026-05-12T19:43:22+0000,1778614995000,45.7460403442383,21.2158794403076,34.2696914672852,0.0,"Timișoara (Mocioni)","Piața A. Mocioni (Sinaia - 16 Decembrie 1989)",1
NKH,M36,1,2026-05-12T19:43:39+0000,1778615009000,45.7460403442383,21.2158794403076,34.2696914672852,0.0,"Timișoara (Mocioni)","Piața A. Mocioni (Sinaia - 16 Decembrie 1989)",1
NKH,M36,1,2026-05-12T19:43:51+0000,1778615027000,45.7460403442383,21.2158794403076,34.2696914672852,0.0,"Timișoara (Mocioni)","Piața A. Mocioni (Sinaia - 16 Decembrie 1989)",1
NKH,M36,1,2026-05-12T19:44:07+0000,1778615038000,45.7460403442383,21.2158794403076,34.2696914672852,0.0,"Timișoara (Mocioni)","Piața A. Mocioni (Sinaia - 16 Decembrie 1989)",1
NKH,M36,1,2026-05-12T19:44:24+0000,1778615052000,45.7460403442383,21.2158794403076,34.2696914672852,0.0,"Timișoara (Mocioni)","Piața A. Mocioni (Sinaia - 16 Decembrie 1989)",1
NKH,M36,1,2026-05-12T19:44:40+0000,1778615063000,45.7460403442383,21.2158794403076,34.2696914672852,0.0,"Timișoara (Mocioni)","Piața A. Mocioni (Sinaia - 16 Decembrie 1989)",1
NKH,M36,1,2026-05-12T19:45:02+0000,1778615072000,45.7460403442383,21.2158794403076,34.2696914672852,0.0,"Timișoara (Mocioni)","Piața A. Mocioni (Sinaia - 16 Decembrie 1989)",1
NKH,M36,1,2026-05-12T19:45:57+0000,1778615132000,45.7460403442383,21.2158794403076,193.76838684082,0.0,"Timișoara (Mocioni)","Piața A. Mocioni (Sinaia - 16 Decembrie 1989)",1
NKH,M36,0,2026-05-12T19:47:46+0000,1778615252000,45.7460403442383,21.2158794403076,213.341384887695,0.0,"Sânmihaiul German","Piața A. Mocioni (Sinaia - 16 Decembrie 1989)",1
NKH,M36,0,2026-05-12T19:48:43+0000,1778615313000,45.7460403442383,21.2158794403076,213.341384887695,0.0,"Sânmihaiul German","Piața A. Mocioni (Sinaia - 16 Decembrie 1989)",1
NKH,M36,0,2026-05-12T19:49:11+0000,1778615344000,45.7461395263672,21.2158699035645,213.341384887695,0.0,"Sânmihaiul German","Piața A. Mocioni (Sinaia - 16 Decembrie 1989)",1
NKH,M36,0,2026-05-12T19:49:28+0000,1778615352000,45.7461395263672,21.2158699035645,213.341384887695,0.0,"Sânmihaiul German","Piața A. Mocioni (Sinaia - 16 Decembrie 1989)",1
NKH,M36,0,2026-05-12T19:50:29+0000,1778615411000,45.7461395263672,21.2158699035645,213.341384887695,0.0,"Sânmihaiul German","Piața A. Mocioni (Sinaia - 16 Decembrie 1989)",1
NKH,M36,0,2026-05-12T19:51:35+0000,1778615472000,45.7461395263672,21.2158699035645,213.341384887695,0.0,"Sânmihaiul German","Piața A. Mocioni (Sinaia - 16 Decembrie 1989)",1
NKH,M36,0,2026-05-12T19:52:36+0000,1778615532000,45.7461395263672,21.2158699035645,213.341384887695,0.0,"Sânmihaiul German","Piața A. Mocioni (Sinaia - 16 Decembrie 1989)",1
NKH,M36,0,2026-05-12T19:53:37+0000,1778615592000,45.7461395263672,21.2158699035645,213.341384887695,0.0,"Sânmihaiul German","Piața A. Mocioni (Sinaia - 16 Decembrie 1989)",1
NKH,M36,0,2026-05-12T19:54:22+0000,1778615652000,45.7461395263672,21.2158699035645,213.341384887695,0.0,"Sânmihaiul German","Piața A. Mocioni (Sinaia - 16 Decembrie 1989)",1
NKH,M36,0,2026-05-12T19:55:16+0000,1778615699000,45.7461395263672,21.2158699035645,213.341384887695,0.0,"Sânmihaiul German","Piața A. Mocioni (Sinaia - 16 Decembrie 1989)",1
NKH,M36,0,2026-05-12T19:55:27+0000,1778615713000,45.7461395263672,21.2158699035645,213.341384887695,0.0,"Sânmihaiul German","Piața A. Mocioni (Sinaia - 16 Decembrie 1989)",1
NKH,M36,0,2026-05-12T19:55:39+0000,1778615729000,45.7461395263672,21.2158699035645,213.341384887695,0.0,"Sânmihaiul German","Piața A. Mocioni (Sinaia - 16 Decembrie 1989)",1
NKH,M36,0,2026-05-12T19:55:56+0000,1778615743000,45.7460517883301,21.2158298492432,213.341384887695,0.0,"Sânmihaiul German","Piața A. Mocioni (Sinaia - 16 Decembrie 1989)",1
NKH,M36,0,2026-05-12T19:56:12+0000,1778615760000,45.7461585998535,21.2158908843994,35.0,8.0,"Sânmihaiul German","Piața A. Mocioni (Sinaia - 16 Decembrie 1989)",1
NKH,M36,0,2026-05-12T19:56:29+0000,1778615772000,45.746410369873,21.2161808013916,21.0,12.0,"Sânmihaiul German","Piața A. Mocioni (Sinaia - 16 Decembrie 1989)",1
NKH,M36,0,2026-05-12T19:56:45+0000,1778615789000,45.7466697692871,21.2160396575928,335.0,5.0,"Sânmihaiul German","Piața A. Mocioni (Sinaia - 16 Decembrie 1989)",1
NKH,M36,0,2026-05-12T19:56:56+0000,1778615805000,45.7462692260742,21.2156600952148,191.0,16.0,"Sânmihaiul German","Piața A. Mocioni (Sinaia - 16 Decembrie 1989)",1
NKH,M36,0,2026-05-12T19:57:13+0000,1778615815000,45.7456703186035,21.2153606414795,214.0,25.0,"Sânmihaiul German","Piața A. Mocioni (Sinaia - 16 Decembrie 1989)",1
NKH,M36,0,2026-05-12T19:57:25+0000,1778615836000,45.7453193664551,21.2150592803955,213.341384887695,0.0,"Sânmihaiul German","Piața A. Mocioni (Sinaia - 16 Decembrie 1989)",1
NKH,M36,0,2026-05-12T19:57:41+0000,1778615848000,45.7453193664551,21.2150592803955,213.341384887695,0.0,"Sânmihaiul German","Piața A. Mocioni (Sinaia - 16 Decembrie 1989)",1
NKH,M36,0,2026-05-12T19:57:57+0000,1778615858000,45.7450714111328,21.2147998809814,213.341384887695,17.0,"Sânmihaiul German","Piața A. Mocioni (Sinaia - 16 Decembrie 1989)",1
NKH,M36,0,2026-05-12T19:58:14+0000,1778615878000,45.7447395324707,21.2145690917969,213.341384887695,0.0,"Sânmihaiul German","C. Brâncoveanu (16 Decembrie 1989)",1
NKH,M36,0,2026-05-12T19:58:26+0000,1778615899000,45.7437782287598,21.213550567627,213.341384887695,30.0,"Sânmihaiul German","C. Brâncoveanu (16 Decembrie 1989)",1
NKH,M36,0,2026-05-12T19:58:42+0000,1778615913000,45.7429809570313,21.2127799987793,213.341384887695,25.0,"Sânmihaiul German","C. Brâncoveanu (16 Decembrie 1989)",1
NKH,M36,0,2026-05-12T19:59:04+0000,1778615925000,45.7423782348633,21.2122993469238,208.012023925781,17.0,"Sânmihaiul German","C. Brâncoveanu (16 Decembrie 1989)",1
NKH,M36,0,2026-05-12T19:59:15+0000,1778615945000,45.7421798706055,21.2121391296387,208.267852783203,6.0,"Sânmihaiul German","C. Brâncoveanu (16 Decembrie 1989)",1
NKH,M36,0,2026-05-12T19:59:26+0000,1778615959000,45.7413101196289,21.2114391326904,208.267852783203,31.0,"Sânmihaiul German","Piața Iuliu Maniu (Budai Deleanu)",1
NKH,M36,0,2026-05-12T19:59:43+0000,1778615975000,45.7403907775879,21.2107105255127,208.267852783203,27.0,"Sânmihaiul German","Piața Iuliu Maniu (Budai Deleanu)",1
NKH,M36,0,2026-05-12T19:59:59+0000,1778615989000,45.7395401000977,21.210090637207,208.614410400391,22.0,"Sânmihaiul German","Piața Iuliu Maniu (Budai Deleanu)",1
NKH,M36,0,2026-05-12T20:00:16+0000,1778616004000,45.7392501831055,21.2095108032227,220.119262695312,14.0,"Sânmihaiul German","Piața Iuliu Maniu (Budai Deleanu)",1
NKH,M36,0,2026-05-12T20:00:27+0000,1778616018000,45.7390403747559,21.2085609436035,257.838012695312,0.0,"Sânmihaiul German","Piața Iuliu Maniu (Budai Deleanu)",1
NKH,M36,0,2026-05-12T20:00:43+0000,1778616035000,45.7388191223145,21.2073402404785,257.838012695312,41.0,"Sânmihaiul German","Crizantemelor (Budai Deleanu)",1
NKH,M36,0,2026-05-12T20:01:00+0000,1778616049000,45.7384796142578,21.2052192687988,257.838012695312,39.0,"Sânmihaiul German","Crizantemelor (Budai Deleanu)",1
NKH,M36,0,2026-05-12T20:01:11+0000,1778616063000,45.7383117675781,21.2042102813721,257.838012695312,0.0,"Sânmihaiul German","Crizantemelor (Budai Deleanu)",1
NKH,M36,0,2026-05-12T20:01:28+0000,1778616077000,45.7383117675781,21.2042102813721,257.838012695312,0.0,"Sânmihaiul German","Crizantemelor (Budai Deleanu)",1
NKH,M36,0,2026-05-12T20:01:45+0000,1778616094000,45.7381591796875,21.2031097412109,253.239349365234,18.0,"Sânmihaiul German","Crizantemelor (Budai Deleanu)",1
NKH,M36,0,2026-05-12T20:02:01+0000,1778616102000,45.7379913330078,21.2024192810059,253.130615234375,33.0,"Sânmihaiul German","Crizantemelor (Budai Deleanu)",1
NKH,M36,0,2026-05-12T20:02:13+0000,1778616124000,45.7373008728027,21.1994400024414,253.130615234375,40.0,"Sânmihaiul German","Dâmbovița (Banatul)",1
NKH,M36,0,2026-05-12T20:02:30+0000,1778616138000,45.7370300292969,21.1978302001953,253.130615234375,24.0,"Sânmihaiul German","Dâmbovița (Banatul)",1
NKH,M36,0,2026-05-12T20:02:46+0000,1778616155000,45.7369003295898,21.1972808837891,251.182022094727,0.0,"Sânmihaiul German","Dâmbovița (Banatul)",1
NKH,M36,0,2026-05-12T20:03:02+0000,1778616170000,45.7364692687988,21.1961708068848,227.372619628906,34.0,"Sânmihaiul German","Opre Gogu (N. Andreescu)",1
NKH,M36,0,2026-05-12T20:03:14+0000,1778616184000,45.7354698181152,21.19455909729,227.372619628906,42.0,"Sânmihaiul German","Opre Gogu (N. Andreescu)",1
NKH,M36,0,2026-05-12T20:03:30+0000,1778616200000,45.7343292236328,21.1927108764648,227.372619628906,38.0,"Sânmihaiul German","Opre Gogu (N. Andreescu)",1
NKH,M36,0,2026-05-12T20:03:47+0000,1778616210000,45.7338104248047,21.1918296813965,227.372619628906,35.0,"Sânmihaiul German","Opre Gogu (N. Andreescu)",1
NKH,M36,0,2026-05-12T20:04:04+0000,1778616230000,45.7322807312012,21.1897201538086,226.795257568359,41.0,"Sânmihaiul German","Păcii (N. Andreescu)",1
NKH,M36,0,2026-05-12T20:04:15+0000,1778616249000,45.7313804626465,21.1883392333984,226.767852783203,19.0,"Sânmihaiul German","Păcii (N. Andreescu)",1
NKH,M36,0,2026-05-12T20:04:37+0000,1778616263000,45.7305793762207,21.1870002746582,226.767852783203,39.0,"Sânmihaiul German","V. Simionescu (N. Andreescu)",1
NKH,M36,0,2026-05-12T20:04:48+0000,1778616279000,45.7296104431152,21.1855297088623,226.767852783203,32.0,"Sânmihaiul German","V. Simionescu (N. Andreescu)",1
NKH,M36,0,2026-05-12T20:05:09+0000,1778616290000,45.7289695739746,21.1845703125,227.148498535156,32.0,"Sânmihaiul German","V. Simionescu (N. Andreescu)",1
NKH,M36,0,2026-05-12T20:05:20+0000,1778616311000,45.727840423584,21.1828594207764,227.148498535156,19.0,"Sânmihaiul German","Liceul Auto (N. Andreescu)",1
NKH,M36,0,2026-05-12T20:05:36+0000,1778616323000,45.7275009155273,21.1820106506348,245.844451904297,31.0,"Sânmihaiul German","Liceul Auto (N. Andreescu)",1
NKH,M36,0,2026-05-12T20:05:53+0000,1778616338000,45.7271308898926,21.1807498931885,249.354507446289,27.0,"Sânmihaiul German","Liceul Auto (N. Andreescu)",1
NKH,M36,0,2026-05-12T20:06:09+0000,1778616358000,45.7261199951172,21.1789093017578,227.353225708008,31.0,"Sânmihaiul German",Podgoriei,1
NKH,M36,0,2026-05-12T20:06:26+0000,1778616370000,45.7254295349121,21.1778202056885,227.213577270508,35.0,"Sânmihaiul German",Podgoriei,1
NKH,M36,0,2026-05-12T20:06:42+0000,1778616388000,45.7244300842285,21.17626953125,227.213577270508,28.0,"Sânmihaiul German","Constantin Nottara",1
NKH,M36,0,2026-05-12T20:06:53+0000,1778616403000,45.7240180969238,21.1756496429443,226.584945678711,5.0,"Sânmihaiul German","Constantin Nottara",1
NKH,M36,0,2026-05-12T20:07:10+0000,1778616419000,45.7234115600586,21.1747207641602,226.584945678711,37.0,"Sânmihaiul German","Răscoala din 1907",1
NKH,M36,0,2026-05-12T20:07:27+0000,1778616435000,45.7223701477051,21.1731491088867,226.584945678711,33.0,"Sânmihaiul German","Răscoala din 1907",1
NKH,M36,0,2026-05-12T20:07:38+0000,1778616447000,45.7216491699219,21.1720905303955,226.584945678711,35.0,"Sânmihaiul German","Răscoala din 1907",1
NKH,M36,0,2026-05-12T20:07:55+0000,1778616459000,45.7208595275879,21.1709308624268,226.440841674805,37.0,"Sânmihaiul German","Răscoala din 1907",1
NKH,M36,0,2026-05-12T20:08:11+0000,1778616479000,45.7196807861328,21.1691207885742,226.440841674805,28.0,"Sânmihaiul German","Polonă (Pasaj Freidorf)",1
NKH,M36,0,2026-05-12T20:08:28+0000,1778616494000,45.7201881408691,21.1673603057861,297.902923583984,40.0,"Sânmihaiul German","Polonă (Pasaj Freidorf)",1
NKH,M36,0,2026-05-12T20:08:40+0000,1778616504000,45.7206611633301,21.1660099029541,297.902923583984,41.0,"Sânmihaiul German","Polonă (Pasaj Freidorf)",1
NKH,M36,0,2026-05-12T20:08:56+0000,1778616524000,45.7216186523438,21.1641502380371,320.101806640625,20.0,"Sânmihaiul German","Polonă (Pasaj Freidorf)",1
NKH,M36,0,2026-05-12T20:09:12+0000,1778616538000,45.7221183776855,21.1644592285156,41.846565246582,24.0,"Sânmihaiul German","Fabrica de Zahăr",1
NKH,M36,0,2026-05-12T20:09:28+0000,1778616554000,45.7226409912109,21.1638698577881,286.733276367187,30.0,"Sânmihaiul German","Fabrica de Zahăr",1
NKH,M36,0,2026-05-12T20:09:45+0000,1778616576000,45.7218399047852,21.1609306335449,252.331176757813,38.0,"Sânmihaiul German","Fabrica de Zahăr",1
NKH,M36,0,2026-05-12T20:10:01+0000,1778616588000,45.7215003967285,21.1595096588135,249.165649414063,33.0,"Sânmihaiul German","Fabrica de Zahăr",1
NKH,M36,0,2026-05-12T20:10:12+0000,1778616600000,45.7211494445801,21.1580390930176,249.165649414063,29.0,"Sânmihaiul German","Fabrica de Zahăr",1
NKH,M36,0,2026-05-12T20:10:28+0000,1778616614000,45.7208290100098,21.1570091247559,248.535171508789,25.0,"Sânmihaiul German","Fabrica de Zahăr",1
NKH,M36,0,2026-05-12T20:10:44+0000,1778616634000,45.7201118469238,21.1544799804687,248.535171508789,50.0,"Sânmihaiul German","Comtim (Smithfield)",1
NKH,M36,0,2026-05-12T20:11:00+0000,1778616648000,45.7195587158203,21.152229309082,252.290405273438,40.0,"Sânmihaiul German","Comtim (Smithfield)",1
NKH,M36,0,2026-05-12T20:11:16+0000,1778616663000,45.7191581726074,21.1502304077148,252.290405273438,30.0,"Sânmihaiul German","Comtim (Smithfield)",1
NKH,M36,0,2026-05-12T20:11:28+0000,1778616679000,45.718879699707,21.148609161377,253.438934326172,32.0,"Sânmihaiul German","Comtim (Smithfield)",1
NKH,M36,0,2026-05-12T20:11:44+0000,1778616694000,45.7183609008789,21.1463298797607,253.438934326172,54.0,"Sânmihaiul German","Intrare (Utvin)",1
NKH,M36,0,2026-05-12T20:12:01+0000,1778616710000,45.7175903320313,21.1429004669189,252.45979309082,64.0,"Sânmihaiul German","Intrare (Utvin)",1
NKH,M36,0,2026-05-12T20:12:12+0000,1778616724000,45.7170295715332,21.1399993896484,255.123245239258,54.0,"Sânmihaiul German","Intrare (Utvin)",1
NKH,M36,0,2026-05-12T20:12:28+0000,1778616738000,45.7165794372559,21.1375408172607,255.123245239258,48.0,"Sânmihaiul German","Intrare (Utvin)",1
NKH,M36,0,2026-05-12T20:12:45+0000,1778616754000,45.7163696289063,21.1357707977295,263.958953857422,30.0,"Sânmihaiul German","Intrare (Utvin)",1
NKH,M36,0,2026-05-12T20:13:01+0000,1778616770000,45.7162590026856,21.1330509185791,266.619476318359,54.0,"Sânmihaiul German","Centru (Utvin)",1
NKH,M36,0,2026-05-12T20:13:12+0000,1778616784000,45.7160491943359,21.1304893493652,259.619110107422,54.0,"Sânmihaiul German","Centru (Utvin)",1
NKH,M36,0,2026-05-12T20:13:34+0000,1778616798000,45.7157402038574,21.1278095245361,259.619110107422,49.0,"Sânmihaiul German","Centru (Utvin)",1
NKH,M36,0,2026-05-12T20:13:45+0000,1778616814000,45.7154502868652,21.1253395080566,259.619110107422,36.0,"Sânmihaiul German","Centru (Utvin)",1
NKH,M36,0,2026-05-12T20:14:02+0000,1778616824000,45.7152404785156,21.1241302490234,254.968109130859,35.0,"Sânmihaiul German","Centru (Utvin)",1
NKH,M36,0,2026-05-12T20:14:19+0000,1778616842000,45.7141990661621,21.1214008331299,244.009613037109,59.0,"Sânmihaiul German","Baltă (Utvin)",1
NKH,M36,0,2026-05-12T20:14:30+0000,1778616860000,45.7130889892578,21.1182899475098,244.009613037109,48.0,"Sânmihaiul German","Baltă (Utvin)",1
NKH,M36,0,2026-05-12T20:14:46+0000,1778616862000,45.7129783630371,21.1179904937744,244.009613037109,46.0,"Sânmihaiul German","Baltă (Utvin)",1
NKH,M36,0,2026-05-12T20:15:02+0000,1778616895000,45.710880279541,21.1159992218018,203.749481201172,40.0,"Sânmihaiul German","Pod (Sânmihaiul Român)",1
NKH,M36,0,2026-05-12T20:15:18+0000,1778616909000,45.7101783752441,21.1140193939209,257.658447265625,55.0,"Sânmihaiul German","Pod (Sânmihaiul Român)",1
NKH,M36,0,2026-05-12T20:15:40+0000,1778616923000,45.7097396850586,21.110969543457,257.658447265625,68.0,"Sânmihaiul German","Pod (Sânmihaiul Român)",1
NKH,M36,0,2026-05-12T20:15:51+0000,1778616939000,45.709171295166,21.1072597503662,257.658447265625,68.0,"Sânmihaiul German","Pod (Sânmihaiul Român)",1
NKH,M36,0,2026-05-12T20:16:07+0000,1778616955000,45.7086410522461,21.1037502288818,258.634613037109,67.0,"Sânmihaiul German","Pod (Sânmihaiul Român)",1
NKH,M36,0,2026-05-12T20:16:24+0000,1778616969000,45.7083396911621,21.100700378418,267.169372558594,57.0,"Sânmihaiul German","Pod (Sânmihaiul Român)",1
NKH,M36,0,2026-05-12T20:16:35+0000,1778616985000,45.7082595825195,21.0977096557617,267.169372558594,41.0,"Sânmihaiul German","Pod (Sânmihaiul Român)",1
NKH,M36,0,2026-05-12T20:16:51+0000,1778617004000,45.7072601318359,21.0946006774902,243.350021362305,52.0,"Sânmihaiul German","Pod (Sânmihaiul Român)",1
NKH,M36,0,2026-05-12T20:17:08+0000,1778617020000,45.7065086364746,21.0923099517822,244.879547119141,34.0,"Sânmihaiul German","Pod (Sânmihaiul Român)",1
NKH,M36,0,2026-05-12T20:17:24+0000,1778617030000,45.7063102722168,21.0916004180908,243.385528564453,9.0,"Sânmihaiul German","Pod (Sânmihaiul Român)",1
NKH,M36,0,2026-05-12T20:17:41+0000,1778617049000,45.7062492370605,21.091480255127,243.385528564453,15.0,"Sânmihaiul German","Pod (Sânmihaiul Român)",1
NKH,M36,0,2026-05-12T20:17:57+0000,1778617064000,45.7049598693848,21.0923404693604,155.113327026367,54.0,"Sânmihaiul German","Biserica Romano Catolică (Sânmihaiul Român)",1
NKH,M36,0,2026-05-12T20:18:13+0000,1778617080000,45.7029685974121,21.0935897827148,155.113327026367,36.0,"Sânmihaiul German","Biserica Romano Catolică (Sânmihaiul Român)",1
NKH,M36,0,2026-05-12T20:18:29+0000,1778617094000,45.7019805908203,21.0935592651367,206.859176635742,40.0,"Sânmihaiul German","Biserica Romano Catolică (Sânmihaiul Român)",1
NKH,M36,0,2026-05-12T20:18:45+0000,1778617108000,45.7003707885742,21.0922698974609,210.365646362305,54.0,"Sânmihaiul German","Biserica Romano Catolică (Sânmihaiul Român)",1
NKH,M36,0,2026-05-12T20:19:01+0000,1778617124000,45.6992492675781,21.0902194976807,243.660675048828,50.0,"Sânmihaiul German","Biserica Romano Catolică (Sânmihaiul Român)",1
NKH,M36,0,2026-05-12T20:19:12+0000,1778617140000,45.698299407959,21.0870304107666,246.621444702148,62.0,"Sânmihaiul German","Benzinărie (Sânmihaiul Român)",1
NKH,M36,0,2026-05-12T20:19:28+0000,1778617154000,45.6975402832031,21.0844802856445,246.621444702148,49.0,"Sânmihaiul German","Benzinărie (Sânmihaiul Român)",1
NKH,M36,0,2026-05-12T20:19:50+0000,1778617169000,45.697078704834,21.0830497741699,246.621444702148,11.0,"Sânmihaiul German","Benzinărie (Sânmihaiul Român)",1
NKH,M36,0,2026-05-12T20:20:01+0000,1778617187000,45.697021484375,21.0833702087402,350.429473876953,10.0,"Sânmihaiul German","Benzinărie (Sânmihaiul Român)",1
NKH,M36,0,2026-05-12T20:20:12+0000,1778617201000,45.6971206665039,21.083309173584,8.49446105957031,0.0,"Sânmihaiul German","Benzinărie (Sânmihaiul Român)",1
NKH,M36,0,2026-05-12T20:20:33+0000,1778617220000,45.6972007751465,21.0833492279053,66.4558029174805,10.0,"Sânmihaiul German","Benzinărie (Sânmihaiul Român)",1
NKH,M36,0,2026-05-12T20:20:44+0000,1778617230000,45.6973991394043,21.0841407775879,66.4558029174805,34.0,"Sânmihaiul German","Benzinărie (Sânmihaiul Român)",1
NKH,M36,0,2026-05-12T20:21:00+0000,1778617250000,45.6984481811523,21.087589263916,66.4558029174805,62.0,"Sânmihaiul German","Primărie (Sânmihaiul Român)",1
NKH,M36,0,2026-05-12T20:21:11+0000,1778617266000,45.6993598937988,21.0905094146729,66.4558029174805,48.0,"Sânmihaiul German","Primărie (Sânmihaiul Român)",1
NKH,M36,0,2026-05-12T20:21:28+0000,1778617278000,45.6999206542969,21.0919609069824,47.3628807067871,42.0,"Sânmihaiul German","Primărie (Sânmihaiul Român)",1
NKH,M36,0,2026-05-12T20:21:44+0000,1778617295000,45.701831817627,21.0934104919434,28.7321262359619,43.0,"Sânmihaiul German","Primărie (Sânmihaiul Român)",1
NKH,M36,0,2026-05-12T20:22:05+0000,1778617310000,45.7025299072266,21.0940704345703,10.3607387542725,13.0,"Sânmihaiul German","Primărie (Sânmihaiul Român)",1
NKH,M36,0,2026-05-12T20:22:16+0000,1778617324000,45.7035484313965,21.0932292938232,335.468505859375,48.0,"Sânmihaiul German","Primărie (Sânmihaiul Român)",1
NKH,M36,0,2026-05-12T20:22:32+0000,1778617338000,45.7053298950195,21.0920600891113,335.468505859375,52.0,"Sânmihaiul German","Primărie (Sânmihaiul Român)",1
NKH,M36,0,2026-05-12T20:22:48+0000,1778617355000,45.7062301635742,21.0913391113281,256.072021484375,15.0,"Sânmihaiul German","Primărie (Sânmihaiul Român)",1
NKH,M36,0,2026-05-12T20:22:59+0000,1778617371000,45.7064895629883,21.0896301269531,315.545349121094,39.0,"Sânmihaiul German","Primărie (Sânmihaiul Român)",1
NKH,M36,0,2026-05-12T20:23:16+0000,1778617381000,45.7070388793945,21.0889492034912,315.545349121094,18.0,"Sânmihaiul German","Primărie (Sânmihaiul Român)",1
NKH,M36,0,2026-05-12T20:23:33+0000,1778617397000,45.7076797485352,21.0897102355957,63.1046524047852,33.0,"Sânmihaiul German","Primărie (Sânmihaiul Român)",1
NKH,M36,0,2026-05-12T20:23:49+0000,1778617415000,45.7078094482422,21.0903091430664,305.770843505859,0.0,"Sânmihaiul German","Primărie (Sânmihaiul Român)",1
NKH,M36,0,2026-05-12T20:24:05+0000,1778617434000,45.7079696655273,21.0902900695801,305.770843505859,9.0,"Sânmihaiul German","Primărie (Sânmihaiul Român)",1
NKH,M36,0,2026-05-12T20:24:21+0000,1778617443000,45.7077217102051,21.0897903442383,245.604583740234,27.0,"Sânmihaiul German","Primărie (Sânmihaiul Român)",1
NKH,M36,0,2026-05-12T20:24:32+0000,1778617465000,45.7069892883301,21.0876197814941,247.002426147461,45.0,"Sânmihaiul German","Livadă (Sânmihaiul Român)",1
NKH,M36,0,2026-05-12T20:24:48+0000,1778617473000,45.706600189209,21.0862998962402,247.002426147461,54.0,"Sânmihaiul German","Livadă (Sânmihaiul Român)",1
NKH,M36,0,2026-05-12T20:25:05+0000,1778617494000,45.7055587768555,21.0826606750488,247.002426147461,48.0,"Sânmihaiul German","Livadă (Sânmihaiul Român)",1
NKH,M36,0,2026-05-12T20:25:21+0000,1778617498000,45.7053604125977,21.0820598602295,247.002426147461,44.0,"Sânmihaiul German","Livadă (Sânmihaiul Român)",1
NKH,M36,0,2026-05-12T20:25:33+0000,1778617524000,45.7047500610352,21.0776100158691,270.15185546875,63.0,"Sânmihaiul German","Ștrand termal (Sânmihaiul German)",1
NKH,M36,0,2026-05-12T20:25:49+0000,1778617542000,45.7046394348145,21.0732192993164,265.0625,66.0,"Sânmihaiul German","Ștrand termal (Sânmihaiul German)",1
NKH,M36,0,2026-05-12T20:26:05+0000,1778617554000,45.7046699523926,21.0704708099365,273.530731201172,63.0,"Sânmihaiul German","Ștrand termal (Sânmihaiul German)",1
NKH,M36,0,2026-05-12T20:26:22+0000,1778617570000,45.705379486084,21.0669708251953,286.895446777344,69.0,"Sânmihaiul German","Ștrand termal (Sânmihaiul German)",1
NKH,M36,0,2026-05-12T20:26:38+0000,1778617590000,45.7064399719238,21.0620002746582,286.895446777344,71.0,"Sânmihaiul German","Ștrand termal (Sânmihaiul German)",1
NKH,M36,0,2026-05-12T20:26:56+0000,1778617604000,45.7070999145508,21.058910369873,287.784088134766,69.0,"Sânmihaiul German","Ștrand termal (Sânmihaiul German)",1
NKH,M36,0,2026-05-12T20:27:12+0000,1778617620000,45.7079696655273,21.0551300048828,287.784088134766,69.0,"Sânmihaiul German","Ștrand termal (Sânmihaiul German)",1
NKH,M36,0,2026-05-12T20:27:28+0000,1778617636000,45.7088012695313,21.0513095855713,287.784088134766,71.0,"Sânmihaiul German","Ștrand termal (Sânmihaiul German)",1
NKH,M36,0,2026-05-12T20:27:38+0000,1778617647000,45.7094802856445,21.0483303070068,287.784088134766,71.0,"Sânmihaiul German","Ștrand termal (Sânmihaiul German)",1
NKH,M36,0,2026-05-12T20:27:55+0000,1778617663000,45.7102508544922,21.0447998046875,287.784088134766,47.0,"Sânmihaiul German","Ștrand termal (Sânmihaiul German)",1
NKH,M36,0,2026-05-12T20:28:11+0000,1778617677000,45.7103118896484,21.042179107666,270.590515136719,58.0,"Sânmihaiul German","Ștrand termal (Sânmihaiul German)",1
NKH,M36,0,2026-05-12T20:28:28+0000,1778617694000,45.710319519043,21.0392799377441,270.590515136719,32.0,"Sânmihaiul German","Ștrand termal (Sânmihaiul German)",1
NKH,M36,0,2026-05-12T20:28:39+0000,1778617708000,45.7103309631348,21.0385894775391,270.590515136719,0.0,"Sânmihaiul German","Ștrand termal (Sânmihaiul German)",1
NKH,M36,0,2026-05-12T20:28:55+0000,1778617724000,45.7103500366211,21.0381393432617,271.500305175781,29.0,"Sânmihaiul German","Ștrand termal (Sânmihaiul German)",1
NKH,M36,0,2026-05-12T20:29:11+0000,1778617740000,45.7103805541992,21.0354309082031,271.500305175781,58.0,"Sânmihaiul German","Școală (Sânmihaiul German)",1
NKH,M36,0,2026-05-12T20:29:27+0000,1778617752000,45.71044921875,21.0327491760254,271.500305175781,58.0,"Sânmihaiul German","Școală (Sânmihaiul German)",1
NKH,M36,0,2026-05-12T20:29:43+0000,1778617769000,45.7105102539063,21.0303802490234,271.500305175781,20.0,"Sânmihaiul German","Școală (Sânmihaiul German)",1
NKH,M36,0,2026-05-12T20:29:54+0000,1778617783000,45.7104988098145,21.0299797058105,271.4423828125,0.0,"Sânmihaiul German","Școală (Sânmihaiul German)",1
NKH,M36,0,2026-05-12T20:30:11+0000,1778617793000,45.7105102539063,21.0298805236816,271.4423828125,13.0,"Sânmihaiul German","Școală (Sânmihaiul German)",1
NKH,M36,0,2026-05-12T20:30:27+0000,1778617815000,45.7105598449707,21.0264301300049,271.4423828125,52.0,"Sânmihaiul German","Ieșire Răuți (Sânmihaiul German)",1
NKH,M36,0,2026-05-12T20:30:43+0000,1778617837000,45.7106399536133,21.0228404998779,271.4423828125,35.0,"Sânmihaiul German","Ieșire Răuți (Sânmihaiul German)",1
NKH,M36,0,2026-05-12T20:31:05+0000,1778617850000,45.7106513977051,21.0222606658936,271.4423828125,0.0,"Sânmihaiul German","Ieșire Răuți (Sânmihaiul German)",1
NKH,M36,0,2026-05-12T20:31:15+0000,1778617866000,45.7106513977051,21.0222606658936,271.4423828125,0.0,"Sânmihaiul German","Ieșire Răuți (Sânmihaiul German)",1
NKH,M36,0,2026-05-12T20:31:31+0000,1778617880000,45.7106513977051,21.0222606658936,271.4423828125,0.0,"Sânmihaiul German","Ieșire Răuți (Sânmihaiul German)",1
NKH,M36,0,2026-05-12T20:31:42+0000,1778617895000,45.7106513977051,21.0222606658936,271.4423828125,0.0,"Sânmihaiul German","Ieșire Răuți (Sânmihaiul German)",1
NKH,M36,0,2026-05-12T20:31:59+0000,1778617910000,45.7106399536133,21.0221900939941,271.4423828125,0.0,"Sânmihaiul German","Ieșire Răuți (Sânmihaiul German)",1
NKH,M36,0,2026-05-12T20:32:15+0000,1778617928000,45.7106399536133,21.0221900939941,271.4423828125,0.0,"Sânmihaiul German","Ieșire Răuți (Sânmihaiul German)",1
NKH,M36,0,2026-05-12T20:32:26+0000,1778617938000,45.7106399536133,21.0221900939941,271.4423828125,0.0,"Sânmihaiul German","Ieșire Răuți (Sânmihaiul German)",1
NKH,M36,1,2026-05-12T20:32:43+0000,1778617955000,45.7108497619629,21.0215091705322,2.0,14.0,"Timișoara (Mocioni)","Ieșire Răuți (Sânmihaiul German)",1
NKH,M36,1,2026-05-12T20:32:59+0000,1778617970000,45.7120780944824,21.021520614624,0.0,33.0,"Timișoara (Mocioni)","Ieșire Răuți (Sânmihaiul German)",1
NKH,M36,1,2026-05-12T20:33:20+0000,1778617986000,45.7130699157715,21.0215892791748,30.6826457977295,10.0,"Timișoara (Mocioni)","Ieșire Bobda (Sânmihaiul German)",1
NKH,M36,1,2026-05-12T20:33:32+0000,1778617999000,45.7130508422852,21.0226192474365,91.5207138061524,37.0,"Timișoara (Mocioni)","Ieșire Bobda (Sânmihaiul German)",1
NKH,M36,1,2026-05-12T20:33:42+0000,1778618014000,45.713020324707,21.0233592987061,91.5207138061524,0.0,"Timișoara (Mocioni)","Școală (Sânmihaiul German)",1
NKH,M36,1,2026-05-12T20:33:58+0000,1778618030000,45.7129783630371,21.0248699188232,91.5207138061524,49.0,"Timișoara (Mocioni)","Școală (Sânmihaiul German)",1
NKH,M36,1,2026-05-12T20:34:14+0000,1778618046000,45.7129402160645,21.0276203155518,91.5207138061524,41.0,"Timișoara (Mocioni)","Școală (Sânmihaiul German)",1
NKH,M36,1,2026-05-12T20:34:31+0000,1778618060000,45.7129211425781,21.0299892425537,91.5207138061524,31.0,"Timișoara (Mocioni)","Școală (Sânmihaiul German)",1
NKH,M36,1,2026-05-12T20:34:47+0000,1778618074000,45.712230682373,21.0304203033447,181.351577758789,40.0,"Timișoara (Mocioni)","Școală (Sânmihaiul German)",1
NKH,M36,1,2026-05-12T20:35:03+0000,1778618084000,45.7111015319824,21.0303401947021,181.351577758789,36.0,"Timișoara (Mocioni)","Școală (Sânmihaiul German)",1
NKH,M36,1,2026-05-12T20:35:19+0000,1778618110000,45.7104301452637,21.0325908660889,91.4934921264648,56.0,"Timișoara (Mocioni)","Ștrand termal (Sânmihaiul German)",1
NKH,M36,1,2026-05-12T20:35:31+0000,1778618124000,45.7103691101074,21.0358295440674,91.4934921264648,65.0,"Timișoara (Mocioni)","Ștrand termal (Sânmihaiul German)",1
NKH,M36,1,2026-05-12T20:35:47+0000,1778618140000,45.7103004455566,21.0392303466797,91.4934921264648,51.0,"Timișoara (Mocioni)","Ștrand termal (Sânmihaiul German)",1
NKH,M36,1,2026-05-12T20:36:03+0000,1778618154000,45.7103004455566,21.041820526123,90.631233215332,52.0,"Timișoara (Mocioni)","Livadă (Sânmihaiul Român)",1
NKH,M36,1,2026-05-12T20:36:20+0000,1778618168000,45.7103614807129,21.044340133667,90.631233215332,44.0,"Timișoara (Mocioni)","Livadă (Sânmihaiul Român)",1
NKH,M36,1,2026-05-12T20:36:36+0000,1778618188000,45.7094802856445,21.0481700897217,107.699798583984,70.0,"Timișoara (Mocioni)","Livadă (Sânmihaiul Român)",1
NKH,M36,1,2026-05-12T20:36:52+0000,1778618206000,45.7084808349609,21.052619934082,107.699798583984,66.0,"Timișoara (Mocioni)","Livadă (Sânmihaiul Român)",1
NKH,M36,1,2026-05-12T20:37:08+0000,1778618220000,45.7077903747559,21.0557804107666,107.699798583984,68.0,"Timișoara (Mocioni)","Livadă (Sânmihaiul Român)",1
NKH,M36,1,2026-05-12T20:37:24+0000,1778618232000,45.7071685791016,21.0585594177246,107.699798583984,66.0,"Timișoara (Mocioni)","Livadă (Sânmihaiul Român)",1
NKH,M36,1,2026-05-12T20:37:40+0000,1778618250000,45.7063293457031,21.0623207092285,107.699798583984,64.0,"Timișoara (Mocioni)","Livadă (Sânmihaiul Român)",1
NKH,M36,1,2026-05-12T20:37:56+0000,1778618266000,45.7056198120117,21.0657596588135,106.897956848145,61.0,"Timișoara (Mocioni)","Livadă (Sânmihaiul Român)",1
NKH,M36,1,2026-05-12T20:38:07+0000,1778618280000,45.7050590515137,21.0684604644775,106.897956848145,50.0,"Timișoara (Mocioni)","Livadă (Sânmihaiul Român)",1
NKH,M36,1,2026-05-12T20:38:23+0000,1778618295000,45.7046699523926,21.0707893371582,92.4472122192383,38.0,"Timișoara (Mocioni)","Livadă (Sânmihaiul Român)",1
NKH,M36,1,2026-05-12T20:38:39+0000,1778618308000,45.7046012878418,21.0730590820312,92.4472122192383,47.0,"Timișoara (Mocioni)","Livadă (Sânmihaiul Român)",1
NKH,M36,1,2026-05-12T20:39:01+0000,1778618324000,45.704719543457,21.0759391784668,90.1310882568359,55.0,"Timișoara (Mocioni)","Livadă (Sânmihaiul Român)",1
NKH,M36,1,2026-05-12T20:39:12+0000,1778618338000,45.7047309875488,21.0787105560303,90.1310882568359,51.0,"Timișoara (Mocioni)","Livadă (Sânmihaiul Român)",1
NKH,M36,1,2026-05-12T20:39:33+0000,1778618350000,45.7048683166504,21.0805702209473,77.9183197021484,38.0,"Timișoara (Mocioni)","Livadă (Sânmihaiul Român)",1
NKH,M36,1,2026-05-12T20:39:44+0000,1778618369000,45.7052001953125,21.0815601348877,67.2654418945313,0.0,"Timișoara (Mocioni)","Livadă (Sânmihaiul Român)",1
NKH,M36,1,2026-05-12T20:40:00+0000,1778618385000,45.7052001953125,21.0815601348877,67.2654418945313,0.0,"Timișoara (Mocioni)","Livadă (Sânmihaiul Român)",1
NKH,M36,1,2026-05-12T20:40:11+0000,1778618399000,45.7052001953125,21.0815601348877,67.2654418945313,0.0,"Timișoara (Mocioni)","Livadă (Sânmihaiul Român)",1
NKH,M36,1,2026-05-12T20:40:27+0000,1778618415000,45.7052993774414,21.0818996429443,67.2654418945313,25.0,"Timișoara (Mocioni)","Livadă (Sânmihaiul Român)",1
NKH,M36,1,2026-05-12T20:40:44+0000,1778618435000,45.7060813903809,21.0845603942871,67.2654418945313,45.0,"Timișoara (Mocioni)","Primărie (Sânmihaiul Român)",1
NKH,M36,1,2026-05-12T20:41:00+0000,1778618449000,45.7067184448242,21.0866394042969,67.2654418945313,42.0,"Timișoara (Mocioni)","Primărie (Sânmihaiul Român)",1
NKH,M36,1,2026-05-12T20:41:11+0000,1778618465000,45.7071304321289,21.0885601043701,115.561767578125,20.0,"Timișoara (Mocioni)","Primărie (Sânmihaiul Român)",1
NKH,M36,1,2026-05-12T20:41:27+0000,1778618480000,45.7066497802734,21.0893993377686,115.561767578125,25.0,"Timișoara (Mocioni)","Primărie (Sânmihaiul Român)",1
NKH,M36,1,2026-05-12T20:41:43+0000,1778618494000,45.7060890197754,21.0903491973877,134.607284545898,25.0,"Timișoara (Mocioni)","Pod (Sânmihaiul Român)",1
NKH,M36,1,2026-05-12T20:42:04+0000,1778618511000,45.7063598632813,21.091869354248,64.2936935424805,31.0,"Timișoara (Mocioni)","Pod (Sânmihaiul Român)",1
NKH,M36,1,2026-05-12T20:42:15+0000,1778618525000,45.7069892883301,21.0936794281006,64.2936935424805,45.0,"Timișoara (Mocioni)","Baltă (Utvin)",1
NKH,M36,1,2026-05-12T20:42:31+0000,1778618539000,45.7076606750488,21.0957508087158,64.2936935424805,44.0,"Timișoara (Mocioni)","Baltă (Utvin)",1
NKH,M36,1,2026-05-12T20:42:42+0000,1778618555000,45.7082710266113,21.0980491638184,77.6721801757813,42.0,"Timișoara (Mocioni)","Baltă (Utvin)",1
NKH,M36,1,2026-05-12T20:42:58+0000,1778618569000,45.7083587646484,21.1002998352051,87.8296661376953,45.0,"Timișoara (Mocioni)","Baltă (Utvin)",1
NKH,M36,1,2026-05-12T20:43:15+0000,1778618585000,45.7084999084473,21.1030807495117,78.1610260009766,53.0,"Timișoara (Mocioni)","Baltă (Utvin)",1
NKH,M36,1,2026-05-12T20:43:31+0000,1778618599000,45.7088508605957,21.1055507659912,78.1610260009766,55.0,"Timișoara (Mocioni)","Baltă (Utvin)",1
NKH,M36,1,2026-05-12T20:43:47+0000,1778618615000,45.7093086242676,21.1086292266846,78.1610260009766,54.0,"Timișoara (Mocioni)","Baltă (Utvin)",1
NKH,M36,1,2026-05-12T20:44:02+0000,1778618630000,45.7097587585449,21.1115894317627,78.1610260009766,52.0,"Timișoara (Mocioni)","Baltă (Utvin)",1
NKH,M36,1,2026-05-12T20:44:18+0000,1778618644000,45.7101402282715,21.1140098571777,78.1610260009766,44.0,"Timișoara (Mocioni)","Baltă (Utvin)",1
NKH,M36,1,2026-05-12T20:44:29+0000,1778618661000,45.7106895446777,21.1158905029297,47.7440643310547,30.0,"Timișoara (Mocioni)","Baltă (Utvin)",1
NKH,M36,1,2026-05-12T20:44:45+0000,1778618679000,45.7118911743164,21.1160202026367,353.147369384766,30.0,"Timișoara (Mocioni)","Baltă (Utvin)",1
NKH,M36,1,2026-05-12T20:45:02+0000,1778618694000,45.7126312255859,21.1170597076416,63.1355285644531,35.0,"Timișoara (Mocioni)","Baltă (Utvin)",1
NKH,M36,1,2026-05-12T20:45:18+0000,1778618709000,45.7133407592773,21.1191692352295,64.1015548706055,44.0,"Timișoara (Mocioni)","Centru (Utvin)",1
NKH,M36,1,2026-05-12T20:45:34+0000,1778618723000,45.7140693664551,21.121280670166,64.1015548706055,46.0,"Timișoara (Mocioni)","Centru (Utvin)",1
NKH,M36,1,2026-05-12T20:45:50+0000,1778618739000,45.7148208618164,21.1234893798828,64.1015548706055,42.0,"Timișoara (Mocioni)","Centru (Utvin)",1
NKH,M36,1,2026-05-12T20:46:07+0000,1778618749000,45.7151718139648,21.1245708465576,64.1015548706055,24.0,"Timișoara (Mocioni)","Centru (Utvin)",1
NKH,M36,1,2026-05-12T20:46:27+0000,1778618769000,45.7155303955078,21.1271190643311,79.9597015380859,43.0,"Timișoara (Mocioni)","Ieșire (Utvin)",1
NKH,M36,1,2026-05-12T20:46:38+0000,1778618789000,45.7159004211426,21.1301403045654,79.9597015380859,47.0,"Timișoara (Mocioni)","Ieșire (Utvin)",1
NKH,M36,1,2026-05-12T20:46:54+0000,1778618805000,45.7161102294922,21.1325702667236,86.4861145019531,39.0,"Timișoara (Mocioni)","Ieșire (Utvin)",1
NKH,M36,1,2026-05-12T20:47:10+0000,1778618819000,45.7161903381348,21.1345806121826,86.4861145019531,39.0,"Timișoara (Mocioni)","Ieșire (Utvin)",1
NKH,M36,1,2026-05-12T20:47:26+0000,1778618835000,45.7163009643555,21.1366500854492,80.4917984008789,36.0,"Timișoara (Mocioni)","Ieșire (Utvin)",1
NKH,M36,1,2026-05-12T20:47:37+0000,1778618849000,45.7166900634766,21.1386795043945,74.0327301025391,47.0,"Timișoara (Mocioni)","Comtim (Smithfield)",1
NKH,M36,1,2026-05-12T20:47:53+0000,1778618867000,45.7173194885254,21.1418399810791,74.0327301025391,49.0,"Timișoara (Mocioni)","Comtim (Smithfield)",1
NKH,M36,1,2026-05-12T20:48:09+0000,1778618879000,45.7177200317383,21.1436004638672,71.6612014770508,41.0,"Timișoara (Mocioni)","Comtim (Smithfield)",1
NKH,M36,1,2026-05-12T20:48:26+0000,1778618895000,45.7182197570801,21.1457290649414,71.6612014770508,41.0,"Timișoara (Mocioni)","Comtim (Smithfield)",1
NKH,M36,1,2026-05-12T20:48:42+0000,1778618910000,45.7186584472656,21.1480007171631,74.0225372314453,42.0,"Timișoara (Mocioni)","Comtim (Smithfield)",1
NKH,M36,1,2026-05-12T20:48:58+0000,1778618930000,45.7192306518555,21.1507892608643,72.6700744628906,44.0,"Timișoara (Mocioni)","Fabrica de Zahăr",1
NKH,M36,1,2026-05-12T20:49:13+0000,1778618946000,45.7197494506836,21.1532306671143,72.6700744628906,45.0,"Timișoara (Mocioni)","Fabrica de Zahăr",1
NKH,M36,1,2026-05-12T20:49:34+0000,1778618959000,45.7202491760254,21.1551303863525,69.05322265625,40.0,"Timișoara (Mocioni)","Fabrica de Zahăr",1
NKH,M36,1,2026-05-12T20:49:45+0000,1778618969000,45.7206192016602,21.156530380249,69.05322265625,42.0,"Timișoara (Mocioni)","Fabrica de Zahăr",1
NKH,M36,1,2026-05-12T20:49:56+0000,1778618989000,45.7213897705078,21.159460067749,69.8039398193359,42.0,"Timișoara (Mocioni)","Polonă (Pasaj Freidorf)",1
NKH,M36,1,2026-05-12T20:50:12+0000,1778619005000,45.7218208312988,21.1615009307861,75.6651077270508,40.0,"Timișoara (Mocioni)","Polonă (Pasaj Freidorf)",1
NKH,M36,1,2026-05-12T20:50:28+0000,1778619017000,45.7221488952637,21.1629695892334,70.2646331787109,27.0,"Timișoara (Mocioni)","Polonă (Pasaj Freidorf)",1
NKH,M36,1,2026-05-12T20:50:44+0000,1778619029000,45.721809387207,21.1637802124023,133.783126831055,28.0,"Timișoara (Mocioni)","Polonă (Pasaj Freidorf)",1
NKH,M36,1,2026-05-12T20:51:00+0000,1778619049000,45.7207183837891,21.1655902862549,121.7880859375,45.0,"Timișoara (Mocioni)","Răscoala din 1907",1
NKH,M36,1,2026-05-12T20:51:16+0000,1778619065000,45.7198600769043,21.1679992675781,116.637489318848,44.0,"Timișoara (Mocioni)","Răscoala din 1907",1
NKH,M36,1,2026-05-12T20:51:32+0000,1778619079000,45.7196388244629,21.1692790985107,46.358325958252,23.0,"Timișoara (Mocioni)","Răscoala din 1907",1
NKH,M36,1,2026-05-12T20:51:47+0000,1778619095000,45.720458984375,21.1705303192139,46.358325958252,32.0,"Timișoara (Mocioni)","Răscoala din 1907",1
NKH,M36,1,2026-05-12T20:51:58+0000,1778619099000,45.7206802368164,21.1708507537842,46.358325958252,29.0,"Timișoara (Mocioni)","Răscoala din 1907",1
NKH,M36,1,2026-05-12T20:52:14+0000,1778619126000,45.7223701477051,21.1732997894287,46.6263618469238,34.0,"Timișoara (Mocioni)","Constantin Nottara",1
NKH,M36,1,2026-05-12T20:52:30+0000,1778619140000,45.7230491638184,21.1743698120117,46.6263618469238,27.0,"Timișoara (Mocioni)","Constantin Nottara",1
NKH,M36,1,2026-05-12T20:52:46+0000,1778619150000,45.723560333252,21.1751594543457,46.6263618469238,35.0,"Timișoara (Mocioni)","Constantin Nottara",1
NKH,M36,1,2026-05-12T20:53:01+0000,1778619169000,45.7240982055664,21.1759605407715,46.6263618469238,15.0,"Timișoara (Mocioni)","Constantin Nottara",1
NKH,M36,1,2026-05-12T20:53:17+0000,1778619177000,45.7244300842285,21.1764602661133,47.2363815307617,29.0,"Timișoara (Mocioni)","Constantin Nottara",1
NKH,M36,1,2026-05-12T20:53:32+0000,1778619195000,45.725341796875,21.1778392791748,47.2363815307617,31.0,"Timișoara (Mocioni)",Podgoriei,1
NKH,M36,1,2026-05-12T20:53:48+0000,1778619215000,45.7264099121094,21.179479598999,47.5486793518066,28.0,"Timișoara (Mocioni)","Liceul Auto (N. Andreescu)",1
NKH,M36,1,2026-05-12T20:54:03+0000,1778619235000,45.7271690368652,21.1811790466309,68.3523483276367,27.0,"Timișoara (Mocioni)","Liceul Auto (N. Andreescu)",1
NKH,M36,1,2026-05-12T20:54:19+0000,1778619243000,45.7273406982422,21.1817493438721,64.5503768920898,17.0,"Timișoara (Mocioni)","Liceul Auto (N. Andreescu)",1
NKH,M36,1,2026-05-12T20:54:41+0000,1778619265000,45.7280197143555,21.1832408905029,46.8544235229492,29.0,"Timișoara (Mocioni)","V. Simionescu (N. Andreescu)",1
NKH,M36,1,2026-05-12T20:54:51+0000,1778619279000,45.728931427002,21.1846809387207,46.8544235229492,34.0,"Timișoara (Mocioni)","V. Simionescu (N. Andreescu)",1
NKH,M36,1,2026-05-12T20:55:07+0000,1778619294000,45.7299995422363,21.18630027771,46.6799049377441,37.0,"Timișoara (Mocioni)","Păcii (N. Andreescu)",1
NKH,M36,1,2026-05-12T20:55:23+0000,1778619309000,45.7308502197266,21.1875991821289,46.6799049377441,32.0,"Timișoara (Mocioni)","Păcii (N. Andreescu)",1
NKH,M36,1,2026-05-12T20:55:39+0000,1778619328000,45.7316589355469,21.188850402832,46.8486824035645,27.0,"Timișoara (Mocioni)","Păcii (N. Andreescu)",1
NKH,M36,1,2026-05-12T20:55:55+0000,1778619344000,45.7330093383789,21.1908092498779,46.8486824035645,56.0,"Timișoara (Mocioni)","Opre Gogu (N. Andreescu)",1
NKH,M36,1,2026-05-12T20:56:11+0000,1778619358000,45.7341003417969,21.1926097869873,47.7571449279785,43.0,"Timișoara (Mocioni)","Opre Gogu (N. Andreescu)",1
NKH,M36,1,2026-05-12T20:56:26+0000,1778619374000,45.7353096008301,21.1944808959961,47.7571449279785,41.0,"Timișoara (Mocioni)","Dâmbovița (Banatul)",1
NKH,M36,1,2026-05-12T20:56:42+0000,1778619390000,45.7361793518066,21.1958408355713,47.7571449279785,31.0,"Timișoara (Mocioni)","Dâmbovița (Banatul)",1
NKH,M36,1,2026-05-12T20:56:58+0000,1778619404000,45.7367897033691,21.1969795227051,47.7571449279785,24.0,"Timișoara (Mocioni)","Dâmbovița (Banatul)",1
NKH,M36,1,2026-05-12T20:57:09+0000,1778619420000,45.7368888854981,21.1974906921387,72.9944458007813,0.0,"Timișoara (Mocioni)","Dâmbovița (Banatul)",1
NKH,M36,1,2026-05-12T20:57:30+0000,1778619434000,45.736930847168,21.1976108551025,72.9944458007813,17.0,"Timișoara (Mocioni)","Dâmbovița (Banatul)",1
NKH,M36,1,2026-05-12T20:57:41+0000,1778619447000,45.7373580932617,21.1993198394775,72.9308013916016,51.0,"Timișoara (Mocioni)","Dâmbovița (Banatul)",1
NKH,M36,1,2026-05-12T20:57:57+0000,1778619459000,45.7377700805664,21.2015399932861,72.9308013916016,53.0,"Timișoara (Mocioni)","Transilvania (Budai Deleanu)",1
NKH,M36,1,2026-05-12T20:58:13+0000,1778619475000,45.7383193969727,21.2043399810791,73.5781326293945,49.0,"Timișoara (Mocioni)","Transilvania (Budai Deleanu)",1
NKH,M36,1,2026-05-12T20:58:29+0000,1778619493000,45.7388114929199,21.2075901031494,78.395378112793,50.0,"Timișoara (Mocioni)","Piața Iuliu Maniu (16 Decembrie 1989)",1
NKH,M36,1,2026-05-12T20:58:40+0000,1778619509000,45.7390289306641,21.2095508575439,123.218696594238,18.0,"Timișoara (Mocioni)","Piața Iuliu Maniu (16 Decembrie 1989)",1
NKH,M36,1,2026-05-12T20:58:56+0000,1778619525000,45.7394409179688,21.2102508544922,22.0964393615723,30.0,"Timișoara (Mocioni)","Piața Iuliu Maniu (16 Decembrie 1989)",1
NKH,M36,1,2026-05-12T20:59:12+0000,1778619540000,45.740608215332,21.2111492156982,28.4245185852051,26.0,"Timișoara (Mocioni)","C. Brâncoveanu (16 Decembrie 1989)",1
NKH,M36,1,2026-05-12T20:59:27+0000,1778619557000,45.7408103942871,21.2113208770752,28.4245185852051,0.0,"Timișoara (Mocioni)","C. Brâncoveanu (16 Decembrie 1989)",1
NKH,M36,1,2026-05-12T20:59:43+0000,1778619575000,45.7408103942871,21.2113208770752,28.4245185852051,0.0,"Timișoara (Mocioni)","C. Brâncoveanu (16 Decembrie 1989)",1
NKH,M36,1,2026-05-12T20:59:59+0000,1778619590000,45.7411689758301,21.2115707397461,28.4245185852051,22.0,"Timișoara (Mocioni)","C. Brâncoveanu (16 Decembrie 1989)",1
NKH,M36,1,2026-05-12T21:00:14+0000,1778619604000,45.7421913146973,21.2123508453369,28.4245185852051,36.0,"Timișoara (Mocioni)","C. Brâncoveanu (16 Decembrie 1989)",1
NKH,M36,1,2026-05-12T21:00:30+0000,1778619615000,45.743049621582,21.2130603790283,28.4245185852051,27.0,"Timișoara (Mocioni)","C. Brâncoveanu (16 Decembrie 1989)",1
NKH,M36,1,2026-05-12T21:00:51+0000,1778619629000,45.7439308166504,21.2139205932617,33.7865447998047,33.0,"Timișoara (Mocioni)","C. Brâncoveanu (16 Decembrie 1989)",1
NKH,M36,1,2026-05-12T21:01:01+0000,1778619649000,45.7458114624023,21.2154808044434,33.7865447998047,42.0,"Timișoara (Mocioni)","Piața A. Mocioni (Sinaia - 16 Decembrie 1989)",1
NKH,M36,1,2026-05-12T21:01:17+0000,1778619669000,45.7471084594727,21.2170104980469,345.404144287109,31.0,"Timișoara (Mocioni)","Piața A. Mocioni (Sinaia - 16 Decembrie 1989)",1
